regime,words_per_day,kind,source,robustness,note
Boice spontaneous writers,90,measured,Boice 1983 via Krashen 2002,low,0.35 pages/day at 250 w/page
Boice daily no contingency,225,measured,Boice 1983 via Krashen 2002,low,0.9 pages/day
Boice daily with $15 penalty,800,measured,Boice 1983 via Krashen 2002,low,3.2 pages/day
Greene late quota,300,self-report,Séjourné 1985 interview,anecdote,dropped from 500
Greene early quota,500,self-report,Paris Review 1953,anecdote,stepped up to 750
Hemingway chart (median),512,observed,Plimpton 1958 Paris Review,anecdote,five numbers on a wall chart
Angelou kept,690,self-report,Paris Review 1990,anecdote,2.5-3 of 9 pages survive
Rubin 825-day streak,833,measured,jamierubin.net,medium,687907 words over 825 days
NaNoWriMo pace,1667,target,50000/30,n/a,11-14% win rate
Twain 1904,1400,self-report,Twain 1907,anecdote,per 4-5 h sitting
Twain 1897,1800,self-report,Twain 1907,anecdote,
King,2000,self-report,King 2000 On Writing,anecdote,advises others 1000
Trollope quota,2000,self-report,Trollope Autobiography,anecdote,40 pages/week over 5 days
Angelou gross,2250,self-report,Paris Review 1990,anecdote,9 pages before cutting
Trollope at sea,2360,self-report,Trollope Autobiography ch. XIX,anecdote,66 pages/week for 8 weeks
Twain 1868,3000,self-report,Twain 1907,anecdote,7-9 h nights
Copyeditor 6 h day,7500,derived,EFA 2026 at 1250 w/h,low,
Reading 4 h at review pace,24000,derived,Brysbaert 2019 at 100 wpm,medium,
Reading 4 h non-fiction,57000,derived,Brysbaert 2019 at 238 wpm,high,
