activity,class,words_per_hour_low,words_per_hour_high,words_per_hour_point,source,robustness,note
Studying a text for learning,read,3240,3240,3240,Dirix et al. 2019 (via Brysbaert 2019),medium,54 wpm
Reading for recall,read,6000,6000,6000,Brysbaert 2019 J Mem Lang,high,~100 wpm
Silent reading of non-fiction,read,11220,17340,14280,Brysbaert 2019 J Mem Lang,high,238 wpm (SD 51)
Reading aloud,read,10980,10980,10980,Brysbaert 2019 J Mem Lang,high,183 wpm
Listening to a lecture,read,9000,9000,9000,conversational speech ~150 wpm,medium,typical speech rate
Skimming ("speed reading"),read,24000,24000,24000,Rayner et al. 2016 PSPI,high,~400 wpm with comprehension 81 to 74%
Composing at the keyboard (lab),write,1140,1140,1140,Karat et al. 1999 CHI,medium,19 wpm continuous composition
Transcription typing,write,1950,1950,1950,Karat et al. 1999 CHI,medium,32.5 wpm
Trollope peak rate,write,1000,1000,1000,Trollope Autobiography ch. XV,anecdote,250 words per quarter hour
Trollope committed quota,write,330,500,415,Trollope Autobiography ch. VII,anecdote,40 pages/week at 250 words over 3 h/day
Twain 1904 sitting,write,280,350,315,Twain 1907 N Am Rev,anecdote,1400 words per 4-5 h
Translation from scratch,edit,250,600,300,industry norm (not peer reviewed),low,~300 w/h typical
Post-editing machine translation,edit,600,1200,1057,TAUS DQF 2019; Plitt & Masselot 2010,medium,+74% over from-scratch
Developmental editing,edit,750,3375,1250,EFA 2026 rate chart,low,professional survey
Copyediting,edit,1125,3000,1250,EFA 2026 rate chart,low,professional survey
Proofreading,edit,1500,5000,2500,EFA 2026 rate chart,low,professional survey
Manuscript peer review,review,1400,1750,1550,Kovanis et al. 2016 (4-5 h per ~7000-word paper),medium,includes writing the report
